id	first_name	last_name	salary
10592	Jennifer	Roberts	20204
10593	Haley	Ho	33154
10594	Eric	Mccarthy	32360
10595	Gina	Martinez	46388
10596	Jason	Fields	12348
10597	Joseph	Hernandez	47183
10598	Catherine	Mccarthy	37423
10599	Kelsey	Miles	34488
10600	Scott	Lopez	24444
10601	Gina	Miller	36866
10602	Nicole	Jenkins	14327
10603	Christopher	Gordon	41458
10604	Jonathan	Williams	16778
10605	Cheryl	Williams	44061
10606	Bobby	Perry	12711
10607	Chase	Thomas	15801
10608	Breanna	Case	15817
10609	Dalton	Bates	37682
10610	Brittney	Barnett	20057
10611	Eric	Owens	29713
10612	Kayla	Avery	24511
10613	Michael	Romero	34639
10614	Raymond	Erickson	25499
10615	Russell	Coleman	48305
10616	Thomas	Long	26645
10617	Deborah	Oliver	48454
10618	David	Torres	15377
10619	Danny	Hendrix	21015
10620	Danielle	Russell	24460
10621	Scott	Schmitt	23536
10622	Michelle	Clarke	31081
10623	Diana	Ewing	42134
10624	Jenna	Lopez	27706
10625	Christine	Sims	28927
10626	Joseph	Gonzalez	32867
10627	Teresa	Huynh	22259
10628	Adam	Martinez	24392
10629	Veronica	Miles	32528
10630	Cheryl	Ruiz	18143
10631	Brooke	Price	33579
10632	James	Fisher	22734
10633	Danny	Johnson	10584
10634	Anthony	Davis	34321
10635	Gina	Lewis	45760
10636	Diane	Navarro	13004
10637	Shane	Riley	31635
10638	Michael	Chang	13764
10639	Manuel	Thomas	38357
10640	Alan	Miller	12724
10641	Brandy	Ellison	30396
10642	Joshua	Salinas	48079
10643	Sarah	Briggs	27150
10644	Susan	Shaw	46003
10645	Martha	Pitts	30779
10646	Laura	Olson	17400
10647	Theresa	Jenkins	19906
10648	Tyler	Chen	27190
10649	Kathryn	Myers	14072
10650	William	Ward	21897
10651	Carmen	Flynn	27765
10652	Timothy	Hamilton	33343
10653	Kimberly	Delgado	49564
10654	Nicholas	Fleming	11748
10655	Kayla	Bowman	35362
10656	Betty	Martinez	21490
10657	Andrea	Thomas	37075
10658	Mark	Nelson	11606
10659	Alexander	Jones	40332
10660	Andrea	Matthews	34500
10661	Caitlin	Hickman	32372
10662	Kristi	Cox	33756
10663	John	Garcia	36551
10664	Amy	Cohen	41625
10665	Jose	Lewis	47655
10666	Joseph	Morales	39071
10667	Kara	Cummings	35272
10668	Dylan	Duncan	26727
10669	Jessica	Williams	28660
10670	Jamie	Raymond	37272
10671	Brandon	Sims	33982
10672	Cindy	Foster	49457
10673	Christine	Hall	41305
10674	Carl	Martinez	22465
10675	Robert	Mcclain	22489
10676	Donna	Rice	45764
10677	Michael	Paul	31643
10678	Sandra	Keller	46268
10679	Bonnie	Stone	45015
10680	Lynn	Hughes	39954
10681	Amanda	Flores	24684
10682	Laura	Lewis	12495
10683	David	Clark	49126
10684	James	Burnett	16873
10685	Elizabeth	Rivers	13789
10686	Roy	Valencia	41813
10687	Angela	Smith	20019
10688	Patrick	Gonzalez	11482
10689	Gabrielle	Velez	36584
10690	Catherine	Luna	39237
10691	Jacob	Osborne	19412